{
    "1520457670": {
        "wTyp": "Bild",
        "wTitel": "Im Winter",
        "wMade": "Aquarell",
        "wYear": "2017",
        "wDim": "50x70",
        "wFoto": ""
    },
    "1520457671": {
        "wTyp": "Photographie",
        "wTitel": "Zu Hause",
        "wMade": "Glanzpapier",
        "wYear": "2015",
        "wDim": "30x40",
        "wFoto": ""
    },
    "1520380082": {
        "wTyp": "Skulptur",
        "wTitel": "Wir zwei",
        "wMade": "Holzschnitt",
        "wYear": "2016",
        "wDim": "20x30x90",
        "wFoto": ""
    },
    "1520380083": {
        "wTyp": "Bild",
        "wTitel": "Strand",
        "wMade": "Oel auf Leine",
        "wYear": "2017",
        "wDim": "50x70",
        "wFoto": ""
    },
    "1520457674": {
        "wTyp": "Ikone",
        "wTitel": "Maria",
        "wMade": "Malerei auf Holz",
        "wYear": "2017",
        "wDim": "30x30",
        "wFoto": ""
    },
    "1520459612": {
        "wTyp": "Skulptur",
        "wTitel": "Jesus",
        "wMade": "Holzschnitzerei",
        "wYear": "2017",
        "wDim": "50x70",
        "wFoto": ""
    },
    "1520459794": {
        "wTyp": "Skulptur\/Plastik",
        "wTitel": "Herkules",
        "wMade": "Bronceguss",
        "wYear": "2018",
        "wDim": "50x70",
        "wFoto": ""
    }
}